Date,Open,High,Low,Close,Volume
2024-07-04,0.4508070051670074,0.452131986618042,0.4288670122623443,0.4325399994850158,1181915177.0
2024-07-05,0.4325180053710937,0.4346120059490204,0.4004909992218017,0.4010649919509887,1407172868.0
2024-07-06,0.4009490013122558,0.4009490013122558,0.3614740073680877,0.3922550082206726,1984398556.0
2024-07-07,0.3922489881515503,0.4146330058574676,0.3910509943962097,0.4142369925975799,667460356.0
2024-07-08,0.4142319858074188,0.4142319858074188,0.3868460059165954,0.3877919912338257,700415563.0
2024-07-09,0.3877730071544647,0.4077689945697784,0.3738220036029815,0.398386001586914,1419582173.0
2024-07-10,0.3983399868011474,0.4042249917984009,0.3954370021820068,0.4030759930610657,911720779.0
2024-07-11,0.4030129909515381,0.4088779985904693,0.398853987455368,0.4052970111370086,893166132.0
2024-07-12,0.4053089916706085,0.4159449934959411,0.403313010931015,0.4129480123519897,1013438774.0
2024-07-13,0.4129439890384674,0.4371309876441955,0.4096109867095947,0.4346739947795868,1461693883.0
2024-07-14,0.4346660077571869,0.5160750150680542,0.4343740046024322,0.4819639921188354,2616233614.0
2024-07-15,0.4818469882011413,0.4941209852695465,0.4714120030403137,0.4803090095520019,1442475462.0
2024-07-16,0.4801900088787079,0.4942449927330017,0.4787429869174957,0.4935469925403595,1615274911.0
2024-07-17,0.4934319853782654,0.5441629886627197,0.4901390075683594,0.5314350128173828,3100929417.0
2024-07-18,0.5314329862594604,0.5819140076637268,0.5314329862594604,0.572629988193512,3389475029.0
2024-07-19,0.5727239847183228,0.5813459753990173,0.5135790109634399,0.5225229859352112,2739988266.0
2024-07-20,0.5225539803504944,0.5383800268173218,0.4986810088157654,0.5267360210418701,2148407070.0
2024-07-21,0.526714026927948,0.5543050169944763,0.5249720215797424,0.545976996421814,1412439417.0
2024-07-22,0.5459790229797363,0.5576940178871155,0.5286939740180969,0.5481899976730347,1366631174.0
2024-07-23,0.5482019782066345,0.5718510150909424,0.5389909744262695,0.558023989200592,1884568260.0
2024-07-24,0.558023989200592,0.5659649968147278,0.5383300185203552,0.5506640076637268,1527860969.0
2024-07-25,0.5506659746170044,0.582036018371582,0.5462669730186462,0.5709570050239563,1783502790.0
2024-07-26,0.5709649920463562,0.5751969814300537,0.541234016418457,0.5527470111846924,2125827978.0
2024-07-27,0.55274498462677,0.5603510141372681,0.5411850214004517,0.5555920004844666,1274632431.0
2024-07-28,0.5555930137634277,0.5600619912147522,0.539671003818512,0.5489540100097656,927189396.0
2024-07-29,0.5489540100097656,0.5637819766998291,0.5446879863739014,0.5546640157699585,844075163.0
2024-07-30,0.5546619892120361,0.5641109943389893,0.5483589768409729,0.5564900040626526,1089188846.0
2024-07-31,0.5564879775047302,0.5860880017280579,0.5511829853057861,0.5805270075798035,2031782967.0
2024-08-01,0.5805119872093201,0.6076560020446777,0.5762709975242615,0.5764480233192444,2234900932.0
2024-08-02,0.5764439702033997,0.581413984298706,0.5300750136375427,0.5529800057411194,1845484906.0
2024-08-03,0.5529800057411194,0.552981972694397,0.5032560229301453,0.5135030150413513,1725346376.0
2024-08-04,0.5135030150413513,0.5281429886817932,0.4969289898872375,0.5096799731254578,1214425033.0
2024-08-05,0.5096780061721802,0.5114330053329468,0.4730719923973083,0.4797140061855316,1108952353.0
2024-08-06,0.4797129929065704,0.4814629852771759,0.3941859900951385,0.4469740092754364,3829813540.0
2024-08-07,0.4469670057296753,0.4746899902820587,0.446819007396698,0.4628399908542633,1599423630.0
2024-08-08,0.4628340005874634,0.5867660045623779,0.4522730112075805,0.549809992313385,3922536057.0
2024-08-09,0.5498459935188293,0.5878589749336243,0.5315489768981934,0.5658079981803894,3209060534.0
2024-08-10,0.5658100247383118,0.5711140036582947,0.521120011806488,0.5320079922676086,1853252819.0
2024-08-11,0.532006025314331,0.5505120158195496,0.530584990978241,0.5359749794006348,1037988805.0
2024-08-12,0.5359809994697571,0.5428370237350464,0.5017380118370056,0.5066819787025452,1102104090.0
2024-08-13,0.5066810250282288,0.5300660133361816,0.5058029890060425,0.5200880169868469,1353090902.0
2024-08-14,0.5200880169868469,0.5312190055847168,0.5154929757118225,0.5241900086402893,1133045464.0
2024-08-15,0.5241979956626892,0.5280269980430603,0.5134479999542236,0.5169119834899902,1033992171.0
2024-08-16,0.516910970211029,0.5214189887046814,0.5034899711608887,0.5112370252609253,1060162823.0
2024-08-17,0.5112379789352417,0.5190979838371277,0.5046210289001465,0.5117310285568237,925725970.0
2024-08-18,0.5117290019989014,0.517192006111145,0.5095660090446472,0.5133659839630127,436659909.0
2024-08-19,0.5133699774742126,0.5246359705924988,0.5114489793777466,0.5114660263061523,574751302.0
2024-08-20,0.51146399974823,0.5490610003471375,0.5097870230674744,0.5399850010871887,1436355889.0
2024-08-21,0.5399879813194275,0.5544120073318481,0.5301839709281921,0.5341879725456238,1145966612.0
2024-08-22,0.5341870188713074,0.5425770282745361,0.5278649926185608,0.5381140112876892,1062402582.0
2024-08-23,0.5381150245666504,0.541916012763977,0.5329570174217224,0.5375970005989075,848921786.0
2024-08-24,0.5375970005989075,0.5495449900627136,0.5316619873046875,0.5456230044364929,1119617432.0
2024-08-25,0.5456209778785706,0.5627210140228271,0.5406200289726257,0.5477629899978638,997614247.0
2024-08-26,0.5477619767189026,0.5483369827270508,0.5330880284309387,0.5363789796829224,779029123.0
2024-08-27,0.5363810062408447,0.5377560257911682,0.519707977771759,0.526187002658844,1002102103.0
2024-08-28,0.5261719822883606,0.5369669795036316,0.498867005109787,0.5077810287475586,1270781108.0
2024-08-29,0.5077750086784363,0.525937020778656,0.5023959875106812,0.5122470259666443,1206224125.0
2024-08-30,0.5122460126876831,0.517877995967865,0.5048099756240845,0.5072569847106934,890679381.0
2024-08-31,0.5072590112686157,0.5128719806671143,0.4960579872131347,0.5126339793205261,997265394.0
2024-09-01,0.5126299858093262,0.5169309973716736,0.5092729926109314,0.5120139718055725,418880662.0
2024-09-02,0.5120130181312561,0.5122510194778442,0.4932160079479217,0.4961569905281067,616892445.0
2024-09-03,0.4961529970169067,0.5135489702224731,0.4930129945278168,0.5128530263900757,753157609.0
2024-09-04,0.5128539800643921,0.5167949795722961,0.5045089721679688,0.5045089721679688,737533638.0
2024-09-05,0.5045149922370911,0.509227991104126,0.4886730015277862,0.5037710070610046,998900311.0
2024-09-06,0.5037720203399658,0.5048630237579346,0.4876660108566284,0.4897580146789551,805127062.0
2024-09-07,0.4897580146789551,0.4922949969768524,0.456165999174118,0.4700979888439178,1362691075.0
2024-09-08,0.4700999855995178,0.480349987745285,0.4689159989356994,0.4734750092029571,505609838.0
2024-09-09,0.4734759926795959,0.4788100123405456,0.4704940021038055,0.4774110019207001,459806720.0
2024-09-10,0.4774290025234222,0.4913800060749054,0.4764280021190643,0.4889929890632629,751289913.0
2024-09-11,0.488988995552063,0.4924220144748688,0.4837369918823242,0.4909889996051788,639695823.0
2024-09-12,0.4909870028495788,0.4909909963607788,0.476078987121582,0.4861910045146942,812786056.0
2024-09-13,0.4861859977245331,0.5268920063972473,0.4850989878177643,0.5077900290489197,1489132853.0
2024-09-14,0.5077900290489197,0.5181519985198975,0.5018489956855774,0.516933023929596,1057407379.0
2024-09-15,0.516933023929596,0.5401099920272827,0.5151469707489014,0.5378779768943787,1049889828.0
2024-09-16,0.5378779768943787,0.5378919839859009,0.5145990252494812,0.514972984790802,725626610.0
2024-09-17,0.514972984790802,0.5300319790840149,0.505653977394104,0.5260040163993835,1133064914.0
2024-09-18,0.5260130167007446,0.533536970615387,0.5208479762077332,0.5254189968109131,904616520.0
2024-09-19,0.5254179835319519,0.526777982711792,0.5066059827804565,0.5265870094299316,1066345960.0
2024-09-20,0.5265840291976929,0.5323659777641296,0.5209500193595886,0.5263440012931824,1104034158.0
2024-09-21,0.5263500213623047,0.530485987663269,0.5167359709739685,0.5236200094223022,1096156543.0
2024-09-22,0.5236189961433411,0.5460739731788635,0.5195469856262207,0.5354639887809753,852787125.0
2024-09-23,0.5354689955711365,0.5408040285110474,0.519232988357544,0.5266010165214539,794438537.0
2024-09-24,0.5266010165214539,0.5331599712371826,0.5211719870567322,0.5265690088272095,898303409.0
2024-09-25,0.5265690088272095,0.5294589996337891,0.5239130258560181,0.5285840034484863,883703378.0
2024-09-26,0.5285850167274475,0.5316290259361267,0.5237630009651184,0.524308979511261,894466116.0
2024-09-27,0.5243110060691833,0.5335279703140259,0.5180249810218811,0.5282480120658875,1084860178.0
2024-09-28,0.5282509922981262,0.533627986907959,0.5221700072288513,0.5271689891815186,1107137103.0
2024-09-29,0.527176022529602,0.5600200295448303,0.5250409841537476,0.5504850149154663,1989859831.0
2024-09-30,0.5504840016365051,0.5927630066871643,0.5449699759483337,0.5747460126876831,1992658309.0
2024-10-01,0.5747449994087219,0.5826060175895691,0.5485780239105225,0.5490819811820984,1842001811.0
2024-10-02,0.5490819811820984,0.5715450048446655,0.5287839770317078,0.540037989616394,2462192547.0
2024-10-03,0.5400279760360718,0.5471159815788269,0.4803909957408905,0.4887210130691528,2376334260.0
2024-10-04,0.4887090027332306,0.4924570024013519,0.4620200097560882,0.4729959964752197,2111246396.0
2024-10-05,0.4729959964752197,0.4906379878520965,0.4673680067062378,0.4866270124912262,1282558185.0
2024-10-06,0.4866049885749817,0.4870269894599914,0.4797819852828979,0.4821490049362182,624302920.0
2024-10-07,0.482149988412857,0.4887169897556305,0.48123499751091,0.4863820075988769,542727202.0
2024-10-08,0.4863829910755157,0.4964869916439056,0.4825719892978668,0.4828779995441437,1086569488.0
2024-10-09,0.4828779995441437,0.4862059950828552,0.4758880138397217,0.4836840033531189,826330023.0
2024-10-10,0.4836730062961578,0.4868350028991699,0.4770289957523346,0.4792059957981109,784556227.0
2024-10-11,0.4791960120201111,0.4962339997291565,0.4777069985866546,0.4847219884395599,1153004129.0
2024-10-12,0.4847249984741211,0.4951190054416656,0.4843710064888,0.491905003786087,844466253.0
2024-10-13,0.491903007030487,0.4957129955291748,0.48956099152565,0.4930590093135834,520191708.0
2024-10-14,0.4930579960346222,0.4930610060691833,0.480336993932724,0.4857549965381622,562519423.0
2024-10-15,0.4857549965381622,0.5053009986877441,0.4838370084762573,0.5023339986801147,985923996.0
2024-10-16,0.5023339986801147,0.5084760189056396,0.4885399937629699,0.4975079894065857,1182008953.0
2024-10-17,0.4975090026855469,0.5093880295753479,0.4942969977855682,0.5046790242195129,999489337.0
2024-10-18,0.5046830177307129,0.5197290182113647,0.5013779997825623,0.5020300149917603,1298515971.0
2024-10-19,0.5020319819450378,0.5094929933547974,0.4991210103034973,0.5028280019760132,958878917.0
2024-10-20,0.5028280019760132,0.5054200291633606,0.4976699948310852,0.5005810260772705,555422051.0
2024-10-21,0.5005670189857483,0.5042330026626587,0.4945740103721618,0.5039079785346985,637000945.0
2024-10-22,0.5038970112800598,0.515733003616333,0.500544011592865,0.5037840008735657,1220470298.0
2024-10-23,0.5037840008735657,0.506443977355957,0.4907769858837127,0.49406298995018,1037850782.0
2024-10-24,0.4940620064735412,0.4942100048065185,0.4760439991950989,0.487199991941452,911584410.0
2024-10-25,0.4875800013542175,0.4926150143146515,0.4855119884014129,0.4912739992141723,826894101.0
2024-10-26,0.4912739992141723,0.4912770092487335,0.4569979906082153,0.464713990688324,1256595066.0
2024-10-27,0.464711993932724,0.4762740135192871,0.4626449942588806,0.4747520089149475,651529880.0
2024-10-28,0.4747509956359863,0.4789719879627228,0.4727750122547149,0.478302001953125,472251726.0
2024-10-29,0.478302001953125,0.4815329909324646,0.4742040038108825,0.4799860119819641,774063359.0
2024-10-30,0.4799849987030029,0.4903869926929474,0.4792580008506775,0.4879170060157776,994733046.0
2024-10-31,0.4879190027713775,0.4879350066184997,0.4797259867191314,0.4816409945487976,829660452.0
2024-11-01,0.4816409945487976,0.4820320010185241,0.4635590016841888,0.467875987291336,933246570.0
2024-11-02,0.467875987291336,0.4819790124893188,0.4638870060443878,0.4717980027198791,1181555350.0
2024-11-03,0.4717980027198791,0.4744490087032318,0.4672960042953491,0.4688490033149719,484658274.0
2024-11-04,0.4688520133495331,0.4696750044822693,0.455608993768692,0.4625560045242309,865312965.0
2024-11-05,0.4625560045242309,0.4713320136070251,0.4567190110683441,0.4627879858016968,943032233.0
2024-11-06,0.4627889990806579,0.4760929942131042,0.4616509974002838,0.4701189994812011,939588209.0
2024-11-07,0.4701200127601623,0.5094149708747864,0.4701200127601623,0.5054600238800049,2060325991.0
2024-11-08,0.5054600238800049,0.5344370007514954,0.5020729899406433,0.5138530135154724,1749901487.0
2024-11-09,0.5138530135154724,0.5184829831123352,0.5077450275421143,0.5166959762573242,1397379398.0
2024-11-10,0.5166959762573242,0.5237489938735962,0.5085639953613281,0.5219820141792297,1155551180.0
2024-11-11,0.5219820141792297,0.5747460126876831,0.5189160108566284,0.5501390099525452,3919321958.0
2024-11-12,0.5501390099525452,0.5920929908752441,0.5337219834327698,0.5818790197372437,3814031378.0
2024-11-13,0.5818790197372437,0.6927930116653442,0.5629330277442932,0.666595995426178,10508524343.0
2024-11-14,0.6665359735488892,0.7038919925689697,0.6055840253829956,0.6533169746398926,7357273442.0
2024-11-15,0.6533169746398926,0.8024060130119324,0.6476460099220276,0.7342439889907837,8984219078.0
2024-11-16,0.7342450022697449,0.8769819736480713,0.7338370084762573,0.8459450006484985,11131083791.0
2024-11-17,0.8459460139274597,1.1918480396270752,0.8344079852104187,1.0613030195236206,21403414668.0
2024-11-18,1.0613000392913818,1.0949740409851074,0.9535430073738098,1.0006550550460815,11451764829.0
2024-11-19,1.0006630420684814,1.1228610277175903,1.000635027885437,1.055192947387695,9418295829.0
2024-11-20,1.0551530122756958,1.081976056098938,1.014767050743103,1.0388660430908203,5547324754.0
2024-11-21,1.0388619899749756,1.0863510370254517,1.004109025001526,1.0452029705047607,6077047435.0
2024-11-22,1.0452070236206057,1.1956820487976074,1.0257879495620728,1.1943269968032837,9983259041.0
2024-11-23,1.194219946861267,1.438020944595337,1.19166100025177,1.4100379943847656,19182080253.0
2024-11-24,1.4100509881973269,1.5565069913864136,1.3702239990234375,1.4100669622421265,14847750044.0
2024-11-25,1.4100589752197266,1.4485520124435425,1.2557109594345093,1.3668769598007202,11320660848.0
2024-11-26,1.3668789863586426,1.4688609838485718,1.3013490438461304,1.355288028717041,11028235814.0
2024-11-27,1.3552340269088743,1.3925559520721436,1.231464982032776,1.3356640338897705,8939147719.0
2024-11-28,1.3356540203094482,1.437291979789734,1.2953449487686155,1.3944239616394043,7353126152.0
2024-11-29,1.3944580554962158,1.4605430364608765,1.359025001525879,1.459570050239563,5511863250.0
2024-11-30,1.4595609903335571,1.7122340202331543,1.4457629919052124,1.698256015777588,13927240747.0
2024-12-01,1.6982409954071045,1.848086953163147,1.6735140085220337,1.837890028953552,15633578400.0
2024-12-02,1.8378770351409912,2.218921899795532,1.7523499727249146,2.2005059719085693,17375879254.0
2024-12-03,2.200999021530152,2.715406894683838,2.1322500705718994,2.5843520164489746,49256074955.0
2024-12-04,2.584460020065308,2.722421884536743,2.2433459758758545,2.402975082397461,41387292331.0
2024-12-05,2.4030110836029053,2.5435678958892822,2.183372974395752,2.2397189140319824,20959603487.0
2024-12-06,2.239722967147827,2.3578689098358154,2.0819549560546875,2.1680469512939453,20076460668.0
2024-12-07,2.126207113265991,2.326567888259888,2.1160190105438232,2.2927610874176025,12652506215.0
2024-12-08,2.2927680015563965,2.4760079383850098,2.2658920288085938,2.4754021167755127,11692048826.0
2024-12-09,2.475327968597412,2.5016961097717285,2.3579249382019043,2.4686899185180664,9993350749.0
2024-12-10,2.4686479568481445,2.4686479568481445,1.9929829835891724,2.102433919906616,18355539319.0
2024-12-11,2.1027040481567383,2.290750026702881,1.818269968032837,2.2496349811553955,25287273615.0
2024-12-12,2.2497780323028564,2.348979949951172,2.1255009174346924,2.284588098526001,13549956997.0
2024-12-13,2.284574031829834,2.3619980812072754,2.212845087051392,2.236757040023804,10413476412.0
2024-12-14,2.2367160320281982,2.3559319972991943,2.1940650939941406,2.304784059524536,8971830233.0
2024-12-15,2.304784059524536,2.400099039077759,2.2452280521392822,2.2840468883514404,7442286205.0
2024-12-16,2.284044981002808,2.345583915710449,2.2590880393981934,2.328339099884033,5752123533.0
2024-12-17,2.328386068344116,2.445133924484253,2.235208034515381,2.3663549423217773,11468992573.0
2024-12-18,2.366297960281372,2.590759038925171,2.3233230113983154,2.4443109035491943,16217818933.0
2024-12-19,2.444350004196167,2.4617059230804443,2.2098500728607178,2.225322961807251,19183235198.0
2024-12-20,2.2253100872039795,2.330739974975586,2.0927178859710693,2.1697819232940674,22210519259.0
2024-12-21,2.1697731018066406,2.2642691135406494,1.8953330516815183,2.182703018188477,25747722748.0
2024-12-22,2.182715892791748,2.283076047897339,2.113101959228516,2.1458420753479004,14369799946.0
2024-12-23,2.145535945892334,2.196474075317383,2.077514886856079,2.107938051223755,10807102541.0
2024-12-24,2.1080410480499268,2.1799099445343018,2.045542001724243,2.1695289611816406,9749857780.0
2024-12-25,2.169548988342285,2.257985115051269,2.128472089767456,2.234250068664551,5743758003.0
2024-12-26,2.234258890151977,2.2351651191711426,2.1709558963775635,2.207839012145996,3815552421.0
2024-12-27,2.2077670097351074,2.223862886428833,2.048070907592773,2.067135095596313,5245636966.0
2024-12-28,2.067126989364624,2.143167018890381,2.036216974258423,2.0542430877685547,5205354532.0
2024-12-29,2.0542590618133545,2.109217882156372,2.047869920730591,2.091316938400269,2646141908.0
2024-12-30,2.091325044631958,2.102813959121704,1.9861990213394165,2.0068910121917725,2927283456.0
2024-12-31,2.006899118423462,2.05479097366333,1.925163984298706,1.9773509502410889,6411459322.0
2025-01-01,1.9773260354995728,2.0621840953826904,1.9354840517044067,2.0097880363464355,4565652381.0
2025-01-02,2.009782075881958,2.2659831047058105,2.008845090866089,2.2436230182647705,7416998977.0
2025-01-03,2.243688106536865,2.3529601097106934,2.243674993515014,2.3406639099121094,8128151449.0
2025-01-04,2.3406689167022705,2.401546001434326,2.3342490196228027,2.378566026687622,5628633423.0
2025-01-05,2.3785669803619385,2.4284939765930176,2.3342061042785645,2.3465020656585693,4263187730.0
2025-01-06,2.346487045288086,2.3522720336914062,2.2638421058654785,2.32863998413086,4003412361.0
2025-01-07,2.328639030456543,2.363152027130127,2.2891669273376465,2.3294870853424072,4221923718.0
2025-01-08,2.329474925994873,2.3582100868225098,2.1900761127471924,2.197313070297241,7132020663.0
2025-01-09,2.1973230838775635,2.321211099624634,2.1478490829467773,2.3032140731811523,8278045290.0
2025-01-10,2.3032169342041016,2.3159639835357666,2.1725170612335205,2.209662914276123,5859462358.0
2025-01-11,2.2096190452575684,2.3075170516967773,2.1998109817504883,2.284648895263672,5182490683.0
2025-01-12,2.2846438884735107,2.5280508995056152,2.2703819274902344,2.51282000541687,7765243522.0
2025-01-13,2.5128378868103027,2.5139400959014893,2.411628007888794,2.4468350410461426,5439793793.0
2025-01-14,2.446892023086548,2.498800039291382,2.2957189083099365,2.458070039749145,10269889481.0
2025-01-15,2.458028078079224,2.6087911128997803,2.4536778926849365,2.589840888977051,8203222905.0
2025-01-16,2.589874029159546,3.086648941040039,2.5780770778656006,3.0646939277648926,21559483216.0
2025-01-17,3.065016984939575,3.2882890701293945,2.8527700901031494,3.1505138874053955,25607391599.0
2025-01-18,3.150300979614258,3.244667053222656,3.0946431159973145,3.201780080795288,13114969160.0
2025-01-19,3.201812028884888,3.201812028884888,2.987982988357544,3.1879448890686035,11539602973.0
2025-01-20,3.1879100799560547,3.1989729404449463,2.8286190032958984,2.874077081680298,14577660574.0
2025-01-21,2.873722076416016,3.2139599323272705,2.84942889213562,2.9741768836975098,20636229936.0
2025-01-22,2.974174976348877,3.103372097015381,2.9136929512023926,3.0454790592193604,9953498957.0
2025-01-23,3.045494079589844,3.141350030899048,3.020203113555908,3.0467820167541504,7774704028.0
2025-01-24,3.0467350482940674,3.0534019470214844,2.9223430156707764,2.995388984680176,8113497353.0
2025-01-25,2.995388984680176,3.053360939025879,2.9265899658203125,2.954714059829712,6519334780.0
2025-01-26,2.9546589851379395,2.9913949966430664,2.935221910476685,2.96091890335083,3146475345.0
2025-01-27,2.9609150886535645,2.991228103637696,2.8874399662017822,2.891063928604126,3325144108.0
2025-01-28,2.891113042831421,2.925631046295166,2.588109970092773,2.9251649379730225,15304311943.0
2025-01-29,2.925211906433105,3.0746190547943115,2.88032603263855,2.9356698989868164,9108127380.0
2025-01-30,2.935647964477539,3.0027880668640137,2.863152980804444,2.9433140754699707,6601951431.0
2025-01-31,2.9434170722961426,3.0204501152038574,2.928586959838867,3.011512994766236,4682769275.0
2025-02-01,3.011488914489746,3.010857105255127,2.897718906402588,2.9295170307159424,4362547007.0
2025-02-02,2.929496049880981,2.9614529609680176,2.7387259006500244,2.783432006835937,4715748493.0
2025-02-03,2.78342604637146,2.8494410514831543,2.4280760288238525,2.5175600051879883,15277009713.0
2025-02-04,2.5175600051879883,2.7020089626312256,1.9054759740829468,2.615338087081909,35577671022.0
2025-02-05,2.615484952926636,2.691215991973877,2.34667706489563,2.444631099700928,13647661648.0
2025-02-06,2.444577932357788,2.46474289894104,2.2623159885406494,2.2909820079803467,7428828606.0
2025-02-07,2.290926933288574,2.372123956680298,2.206753969192505,2.2405669689178467,7021657669.0
2025-02-08,2.24058198928833,2.4398701190948486,2.197972059249878,2.316781997680664,8990628416.0
2025-02-09,2.316823005676269,2.3562700748443604,2.280155897140503,2.347382068634033,3868611131.0
2025-02-10,2.3473570346832275,2.424843072891236,2.254503965377808,2.324912071228028,4661944630.0
2025-02-11,2.324887990951538,2.392512083053589,2.2611958980560303,2.3519749641418457,4602115522.0
2025-02-12,2.352025985717773,2.45005202293396,2.2933480739593506,2.329386949539185,5180341270.0
2025-02-13,2.3293910026550293,2.398065090179444,2.275959014892578,2.379456043243408,5256196024.0
2025-02-14,2.379462957382202,2.480196952819824,2.3252599239349365,2.449420928955078,4819160529.0
2025-02-15,2.449409008026123,2.6927740573883057,2.4226670265197754,2.610582113265991,8423382153.0
2025-02-16,2.610477924346924,2.693576097488404,2.594343900680542,2.632206916809082,4416629163.0
2025-02-17,2.63218092918396,2.671004056930542,2.573857069015503,2.600724935531616,3271247794.0
2025-02-18,2.6009440422058105,2.628602981567383,2.493314027786255,2.535191059112549,4561381402.0
2025-02-19,2.5351688861846924,2.547570943832397,2.3679449558258057,2.449099063873291,5128111767.0
2025-02-20,2.449170112609864,2.632356882095337,2.4084630012512207,2.6301050186157227,4966137192.0
2025-02-21,2.630112886428833,2.633368968963623,2.553009033203125,2.562570095062256,4105061333.0
2025-02-22,2.562530994415283,2.5856730937957764,2.401396036148072,2.456057071685791,5634113236.0
2025-02-23,2.4560658931732178,2.4927079677581787,2.4427199363708496,2.4626688957214355,2279792346.0
2025-02-24,2.462667942047119,2.483007907867432,2.412935972213745,2.460391998291016,2358167271.0
2025-02-25,2.460383892059326,2.481097936630249,2.16995906829834,2.1774609088897705,6763812198.0
2025-02-26,2.1774768829345703,2.24231505393982,1.9805229902267456,2.2059109210968018,12659026076.0
2025-02-27,2.2059240341186523,2.213426113128662,2.0537400245666504,2.09041690826416,6437936069.0
2025-02-28,2.090430974960327,2.1502668857574463,2.065448045730591,2.115297079086304,4654148857.0
2025-03-01,2.1152899265289307,2.1152899265289307,1.882863998413086,2.06738805770874,8232617161.0
2025-03-02,2.067401885986328,2.13175106048584,2.04554295539856,2.11075496673584,3180610089.0
2025-03-03,2.110747098922729,2.859488010406494,2.097994089126587,2.820666074752808,16750586938.0
2025-03-04,2.820766925811768,2.8273630142211914,2.20420503616333,2.275274991989136,13826118266.0
2025-03-05,2.2752490043640137,2.3682589530944824,2.126997947692871,2.311069965362549,10604827461.0
2025-03-06,2.3110790252685547,2.3691139221191406,2.2738490104675293,2.3165090084075928,5628854081.0
2025-03-07,2.31654691696167,2.4459869861602783,2.2922189235687256,2.411868095397949,6403379864.0
2025-03-08,2.411868095397949,2.41866397857666,2.175359010696411,2.19807505607605,9041405308.0
2025-03-09,2.1980550289154053,2.22094988822937,2.132209062576294,2.1449780464172363,3436989748.0
2025-03-10,2.144965887069702,2.168375015258789,1.929007053375244,1.9654899835586548,5668522937.0
2025-03-11,1.9653929471969604,2.0771329402923584,1.8486549854278564,1.861968994140625,7380468955.0
2025-03-12,1.861876964569092,2.0221190452575684,1.766798973083496,1.9854060411453247,7525975703.0
2025-03-13,1.98541796207428,2.071436882019043,1.962283968925476,2.058443069458008,5898494471.0
2025-03-14,2.058434009552002,2.157422065734864,2.039215087890625,2.073728084564209,5132100477.0
2025-03-15,2.0737249851226807,2.192142963409424,2.063572883605957,2.1574409008026123,3954035289.0
2025-03-16,2.157428979873657,2.2630178928375244,2.1573660373687744,2.19231390953064,3333266917.0
2025-03-17,2.192348003387451,2.206315040588379,2.090027093887329,2.112075090408325,3575898127.0
2025-03-18,2.112014055252075,2.175076961517334,2.1099109649658203,2.143764972686768,3166645311.0
2025-03-19,2.143757104873657,2.143757104873657,2.0332069396972656,2.090696096420288,3186792018.0
2025-03-20,2.090686082839966,2.363830089569092,2.074475049972534,2.333121061325073,8790060720.0
2025-03-21,2.3331310749053955,2.3368980884552,2.2071239948272705,2.243216037750244,4585173492.0
2025-03-22,2.2431650161743164,2.269321918487549,2.178242921829224,2.187508106231689,3156512277.0
2025-03-23,2.1875319480896,2.218662977218628,2.172182083129883,2.17956805229187,1635430371.0
2025-03-24,2.179565906524658,2.2479190826416016,2.176661968231201,2.247560977935791,1944991335.0
2025-03-25,2.2475359439849854,2.313627004623413,2.231162071228028,2.266278028488159,3029223416.0
2025-03-26,2.2662899494171143,2.287386894226074,2.2310099601745605,2.2721540927886963,2523141634.0
2025-03-27,2.272141933441162,2.295193910598755,2.171720027923584,2.1870009899139404,3111144502.0
2025-03-28,2.1869850158691406,2.216186046600342,2.1370649337768555,2.164905071258545,2488022279.0
2025-03-29,2.164967060089112,2.1680328845977783,1.9955780506134035,2.026700019836426,4021465876.0
2025-03-30,2.026707887649536,2.042546033859253,1.8985190391540527,1.967679023742676,3599661485.0
2025-03-31,1.9677250385284424,2.031167984008789,1.9533770084381104,1.973572015762329,2611776087.0
2025-04-01,1.9735709428787231,1.974382996559143,1.8756769895553589,1.931846022605896,4165841845.0
2025-04-02,1.9318729639053345,2.02537488937378,1.911237001419068,1.9820239543914795,3737123582.0
2025-04-03,1.982005000114441,2.039516925811768,1.838547945022583,1.8569539785385127,5215457449.0
2025-04-04,1.8568919897079468,1.9063999652862549,1.7670789957046509,1.867548942565918,4876084157.0
2025-04-05,1.867521047592163,1.96230697631836,1.830746054649353,1.9425389766693115,5021448065.0
2025-04-06,1.942533016204834,1.980839967727661,1.9295129776000977,1.956017017364502,1906771826.0
2025-04-07,1.9560099840164185,1.9676530361175537,1.7013709545135498,1.7464410066604614,4697502076.0
2025-04-08,1.7464410066604614,1.8194550275802608,1.4908909797668457,1.738582968711853,13177202647.0
2025-04-09,1.738582968711853,1.795333981513977,1.6237879991531372,1.6347990036010742,5892456401.0
2025-04-10,1.6347390413284302,1.905179977416992,1.5632610321044922,1.8734270334243768,8565844323.0
2025-04-11,1.8734400272369385,1.8743549585342407,1.721721053123474,1.746420979499817,3964243701.0
2025-04-12,1.746433973312378,1.8220720291137693,1.7238110303878784,1.7829509973526,3047406271.0
2025-04-13,1.7829509973526,1.912101030349732,1.766029953956604,1.9005290269851685,3019362007.0
2025-04-14,1.9005409479141235,1.9654730558395384,1.840590000152588,1.8691469430923464,3720398002.0
2025-04-15,1.869163990020752,1.913432002067566,1.8568350076675413,1.875638961791992,2896357412.0
2025-04-16,1.87562096118927,1.926177978515625,1.8461580276489256,1.8490409851074217,2610362432.0
2025-04-17,1.848992943763733,1.864197015762329,1.7929309606552124,1.828266978263855,3135025107.0
2025-04-18,1.828279972076416,1.8628779649734497,1.8074289560317995,1.8170419931411743,2169727832.0
2025-04-19,1.8170709609985352,1.835427045822144,1.7991230487823486,1.814502954483032,1658836763.0
2025-04-20,1.814496994018555,1.842560052871704,1.810839056968689,1.8354239463806152,1271188903.0
2025-04-21,1.8354370594024656,1.8400180339813232,1.7944480180740356,1.8142770528793333,1513928330.0
2025-04-22,1.8142770528793333,1.8509869575500488,1.7936010360717771,1.8112620115280151,2384934504.0
2025-04-23,1.811246037483216,1.969082951545716,1.7968319654464722,1.9517940282821653,3571524835.0
2025-04-24,1.9517799615859983,2.012465000152588,1.9262720346450808,1.957118034362793,4425030923.0
2025-04-25,1.957121014595032,1.9595099687576287,1.866467952728272,1.938444972038269,3700268735.0
2025-04-26,1.9384410381317136,1.9508110284805296,1.909479022026062,1.9141019582748413,2875509619.0
2025-04-27,1.914119005203247,1.968987941741944,1.9132859706878664,1.924962043762207,2216057009.0
2025-04-28,1.9249659776687624,2.0151259899139404,1.9013270139694207,1.9888440370559688,3328960142.0
2025-04-29,1.9888440370559688,2.073529958724976,1.960909962654113,2.0116569995880127,3816222353.0
2025-04-30,2.011634111404419,2.029160022735596,1.9525079727172847,1.967296004295349,2536751647.0
2025-05-01,1.9672880172729488,1.9846910238265991,1.873407006263733,1.935632944107056,3260244170.0
2025-05-02,1.9356470108032229,1.9979170560836792,1.9352920055389404,1.959663987159729,1965757140.0
2025-05-03,1.95966899394989,1.9692779779434204,1.938011050224304,1.9551479816436768,1900827173.0
2025-05-04,1.955145001411438,1.9634530544281008,1.9296159744262693,1.9361579418182373,1263197855.0
2025-05-05,1.9361549615859983,1.960062980651856,1.903777003288269,1.90593695640564,1419145284.0
2025-05-06,1.9059109687805176,1.934973955154419,1.8637269735336304,1.8878719806671145,2226645585.0
2025-05-07,1.8878040313720703,1.902531981468201,1.8324979543685915,1.9007099866867063,2168118653.0
2025-05-08,1.9006359577178955,1.9141019582748413,1.8563849925994875,1.8810620307922363,3369498595.0
2025-05-09,1.8810640573501587,2.070489883422852,1.872513055801392,2.0690510272979736,4198728730.0
2025-05-10,2.069035053253174,2.156169891357422,2.0399301052093506,2.084060907363892,5325874309.0
2025-05-11,2.0840229988098145,2.1978349685668945,2.0800669193267822,2.1972639560699463,3886955518.0
2025-05-12,2.197237014770508,2.2010180950164795,2.0745019912719727,2.1076419353485107,3531874302.0
2025-05-13,2.107654094696045,2.3726999759674072,2.101119041442871,2.293230056762696,9564556956.0
2025-05-14,2.2932260036468506,2.324429988861084,2.1839489936828613,2.312268018722534,5521555525.0
2025-05-15,2.3122758865356445,2.3487908840179443,2.254833936691284,2.28275990486145,4431632692.0
2025-05-16,2.282754898071289,2.2969539165496826,2.107793092727661,2.126836061477661,4801860381.0
2025-05-17,2.126827955245972,2.175595998764038,2.098304986953736,2.1331028938293457,3397891096.0
2025-05-18,2.1331028938293457,2.1396679878234863,2.0634191036224365,2.1092538833618164,2707666943.0
2025-05-19,2.1092538833618164,2.188572883605957,2.1029610633850098,2.175503969192505,2630734843.0
2025-05-20,2.174880027770996,2.17775297164917,2.040179967880249,2.1200919151306152,3326021227.0
2025-05-21,2.1200919151306152,2.139863967895508,2.055815935134888,2.0877439975738525,2649572882.0
2025-05-22,2.087729930877685,2.1390600204467773,2.059401035308838,2.116919994354248,3386774919.0
2025-05-23,2.1169450283050537,2.169743061065674,2.113326072692871,2.1536269187927246,3013035911.0
2025-05-24,2.1536269187927246,2.1887710094451904,2.0144009590148926,2.017908096313477,3865255742.0
2025-05-25,2.0180280208587646,2.0746240615844727,2.0162320137023926,2.0518128871917725,1316248001.0
2025-05-26,2.0518128871917725,2.061084985733032,1.9969810247421265,2.059803009033203,1861425207.0
2025-05-27,2.059781074523926,2.0690059661865234,2.019706964492798,2.028847932815552,1695208913.0
2025-05-28,2.0288329124450684,2.0692830085754395,1.9924449920654297,2.045126914978028,2093748549.0
2025-05-29,2.0450990200042725,2.0481998920440674,1.9757219552993768,2.025244951248169,2113775658.0
2025-05-30,2.02524995803833,2.0550549030303955,1.9724359512329104,1.9726370573043823,2167256046.0
2025-05-31,1.9726250171661377,1.977180004119873,1.8844900131225584,1.884649991989136,3429599706.0
2025-06-01,1.884727954864502,1.942142963409424,1.8378479480743408,1.9167499542236328,2366045194.0
2025-06-02,1.916792035102844,1.9257529973983765,1.8761310577392576,1.919448971748352,1553408173.0
2025-06-03,1.919448971748352,1.9247989654541016,1.8741220235824585,1.9188599586486816,1877625480.0
2025-06-04,1.9188599586486816,2.00612211227417,1.9158780574798584,1.9736549854278564,2221185461.0
2025-06-05,1.9736510515213013,1.9892380237579343,1.925428032875061,1.9283030033111568,1760037841.0
2025-06-06,1.928311944007873,1.9445209503173828,1.8041709661483765,1.8314939737319944,2866899925.0
2025-06-07,1.831503987312317,1.9224900007247925,1.823593020439148,1.896765947341919,1894853617.0
2025-06-08,1.896765947341919,1.9218909740448,1.8878949880599976,1.9109230041503904,1075378634.0
2025-06-09,1.9109209775924685,2.012712001800537,1.9027329683303835,1.9861160516738887,2339205865.0
2025-06-10,1.986111044883728,2.037816047668457,1.948302984237671,2.0307250022888184,2517176000.0
2025-06-11,2.030724048614502,2.0335030555725098,1.986471056938172,2.0155270099639893,2407617431.0
2025-06-12,2.015553951263428,2.035619020462036,1.963425040245056,1.9729050397872925,2620685771.0
2025-06-13,1.9729050397872925,1.973698973655701,1.878440022468567,1.890668034553528,2290513681.0
2025-06-14,1.890635967254639,1.8906430006027224,1.8098249435424805,1.8607120513916016,3851997030.0
2025-06-15,1.8607159852981567,1.8861310482025144,1.8303309679031368,1.8541100025177,1732632502.0
2025-06-16,1.854105949401856,1.8831700086593628,1.8530950546264648,1.876423954963684,1322819860.0
2025-06-17,1.876423954963684,2.0192220211029053,1.866870999336243,1.940247058868408,4054949018.0
2025-06-18,1.9401780366897583,1.9516489505767824,1.865797996520996,1.8818429708480835,3453426386.0
2025-06-19,1.8818379640579224,1.8986220359802248,1.8441239595413208,1.890604972839356,2440575711.0
2025-06-20,1.8906190395355225,1.9003740549087524,1.871438980102539,1.8815070390701287,1527801772.0
2025-06-21,1.8815089464187624,1.891968011856079,1.8108609914779663,1.8397740125656128,2279103083.0
2025-06-22,1.8397719860076904,1.860368013381958,1.7586640119552612,1.7853779792785645,2130444634.0
2025-06-23,1.7855440378189087,1.812106966972351,1.670140027999878,1.7513339519500732,4441803806.0
2025-06-24,1.7513999938964844,1.8693909645080569,1.7034850120544434,1.867823958396912,3939298834.0
2025-06-25,1.867823958396912,1.9088020324707031,1.8398339748382568,1.886616945266724,3077744006.0
2025-06-26,1.8866130113601685,1.918437957763672,1.870880007743836,1.8708549737930296,2253419453.0
2025-06-27,1.8708460330963133,1.890679955482483,1.789499044418335,1.8008580207824707,2601953098.0
2025-06-28,1.8008569478988647,1.8347690105438232,1.7688579559326172,1.828083038330078,2621540090.0
2025-06-29,1.828088998794556,1.882724046707153,1.82283902168274,1.8651330471038816,1746758941.0
2025-06-30,1.865128993988037,1.8904459476470947,1.8590489625930784,1.8820589780807493,1301087504.0
2025-07-01,1.882058024406433,1.9699599742889404,1.8480379581451416,1.899433970451355,3214232737.0
2025-07-02,1.899399995803833,1.90933096408844,1.8236229419708248,1.8400230407714844,2700546809.0
2025-07-03,1.840010046958924,1.933716058731079,1.831439971923828,1.8932820558547967,3265147746.0
2025-07-04,1.8932960033416748,1.958269000053405,1.8885400295257568,1.9182100296020508,3157215616.0
2025-07-05,1.9181890487670896,1.9270269870758057,1.8683329820632928,1.88572895526886,1770540260.0
2025-07-06,1.8857300281524656,1.8961859941482544,1.8708629608154297,1.8835070133209229,998462919.0
2025-07-07,1.8835090398788448,1.942242980003357,1.8775819540023804,1.9290850162506104,2117483479.0
2025-07-08,1.929087996482849,2.001260995864868,1.9217779636383057,1.9376009702682493,3789323023.0
2025-07-09,1.9375989437103271,1.9786640405654907,1.91592800617218,1.971413016319275,2641629143.0
2025-07-10,1.971413016319275,2.067251920700073,1.9614959955215447,2.0490050315856934,4340472555.0
2025-07-11,2.0490050315856934,2.1862809658050537,2.0413849353790283,2.176278114318848,5169870727.0
2025-07-12,2.176234006881714,2.5347681045532227,2.155924081802368,2.3396759033203125,13507574060.0
2025-07-13,2.3396639823913574,2.430692911148072,2.2841079235076904,2.342046976089477,7397607192.0
2025-07-14,2.342046976089477,2.461097955703736,2.332859992980957,2.42704701423645,6127482301.0
2025-07-15,2.4270310401916504,2.5872368812561035,2.4186460971832275,2.533107042312622,10623839257.0
2025-07-16,2.533026933670044,2.5352470874786377,2.405371904373169,2.5146360397338867,7649779997.0
2025-07-17,2.5146329402923584,2.661418914794922,2.4830539226531982,2.613898992538452,7635905056.0
2025-07-18,2.6138761043548584,3.052548885345459,2.587678909301758,3.009092092514038,16452399132.0
2025-07-19,3.0089099407196045,3.1394360065460205,2.8831899166107178,2.939491033554077,15673864512.0
2025-07-20,2.939446926116944,2.9927220344543457,2.8909449577331543,2.949116945266724,5786215489.0
2025-07-21,2.9491000175476074,3.0566320419311523,2.916084051132202,2.974749088287353,7535364782.0
2025-07-22,2.9747560024261475,3.11403489112854,2.937243938446045,3.0404140949249268,8135926080.0
2025-07-23,3.0403048992156982,3.0452260971069336,2.935175895690918,3.025806903839112,7605498753.0
2025-07-24,3.0258049964904785,3.02620792388916,2.607332944869995,2.705203056335449,11435532856.0
2025-07-25,2.705212116241455,2.7725319862365723,2.537859916687012,2.674567937850952,10550229441.0
2025-07-26,2.674568891525269,2.7359399795532227,2.650170087814331,2.6965761184692383,3504850116.0
2025-07-27,2.6964778900146484,2.7638139724731445,2.6924569606781006,2.75722599029541,4275866246.0
2025-07-28,2.757198095321656,2.831561088562012,2.685328960418701,2.6868679523468018,6950816832.0
2025-07-29,2.686919927597046,2.752302885055542,2.651444911956787,2.7083580493927,5388758206.0
2025-07-30,2.7083580493927,2.75253701210022,2.638874053955078,2.711174964904785,5710003713.0
2025-07-31,2.711087942123413,2.7744150161743164,2.641906976699829,2.648608922958374,4754089736.0
2025-08-01,2.6485579013824463,2.640960931777954,2.547635078430176,2.5571129322052,8191493292.0
2025-08-02,2.557015895843506,2.6037731170654297,2.370206117630005,2.386418104171753,5872029667.0
2025-08-03,2.38647198677063,2.5538229942321777,2.3696160316467285,2.545403003692627,4740650285.0
2025-08-04,2.545408010482788,2.668834924697876,2.5345559120178223,2.652290105819702,5269919918.0
2025-08-05,2.6522860527038574,2.683366060256958,2.5262250900268555,2.5596799850463867,4976225727.0
2025-08-06,2.559680938720703,2.5886120796203613,2.508794069290161,2.565263032913208,4024861680.0
2025-08-07,2.715741,2.720583,2.710899,2.715741,27481027346.0
2025-08-08,2.842116117477417,2.8976938724517822,2.8229665756225586,2.8662221431732178,10095634432.0
2025-08-09,2.818520924162948,2.835448977761524,2.8072355550972303,2.821342266429377,7833916462.25942
2025-08-10,2.7828329780648486,2.7995466896448176,2.7716905036782027,2.7856185966615103,3907204104.24592
2025-08-11,2.724614587916269,2.7409786394953453,2.7137052201968843,2.727341929846115,4141710651.623973
